country,source,source_line_of_business,standard_line_of_business,lob_group,notes,source_norm,source_line_of_business_norm,standard_line_of_business_norm
COLOMBIA,FASECOLDA - CIUDADES Y RAMOS,AUTOMOVILES,AUTOS,MOTOR,Mapping inicial Colombia,FASECOLDA - CIUDADES Y RAMOS,AUTOMOVILES,AUTOS
COLOMBIA,FASECOLDA - INDICADORES DE GESTION,Autos,AUTOS,MOTOR,Mapping inicial Colombia,FASECOLDA - INDICADORES DE GESTION,AUTOS,AUTOS
COLOMBIA,FASECOLDA - CIUDADES Y RAMOS,INCENDIO Y LUCRO CESANTE,INCENDIO Y LUCRO,PROPERTY,Mapping inicial Colombia,FASECOLDA - CIUDADES Y RAMOS,INCENDIO Y LUCRO CESANTE,INCENDIO Y LUCRO
COLOMBIA,FASECOLDA - INDICADORES DE GESTION,Incendio y Lucro,INCENDIO Y LUCRO,PROPERTY,Mapping inicial Colombia,FASECOLDA - INDICADORES DE GESTION,INCENDIO Y LUCRO,INCENDIO Y LUCRO
COLOMBIA,FASECOLDA - CIUDADES Y RAMOS,CUMPLIMIENTO,CUMPLIMIENTO,SURETY,Mapping inicial Colombia,FASECOLDA - CIUDADES Y RAMOS,CUMPLIMIENTO,CUMPLIMIENTO
COLOMBIA,FASECOLDA - INDICADORES DE GESTION,Cumplimiento,CUMPLIMIENTO,SURETY,Mapping inicial Colombia,FASECOLDA - INDICADORES DE GESTION,CUMPLIMIENTO,CUMPLIMIENTO
COLOMBIA,FASECOLDA - CIUDADES Y RAMOS,TRANSPORTE,TRANSPORTE,MARINE / TRANSPORT,Mapping inicial Colombia,FASECOLDA - CIUDADES Y RAMOS,TRANSPORTE,TRANSPORTE
COLOMBIA,FASECOLDA - INDICADORES DE GESTION,Transporte,TRANSPORTE,MARINE / TRANSPORT,Mapping inicial Colombia,FASECOLDA - INDICADORES DE GESTION,TRANSPORTE,TRANSPORTE
COLOMBIA,FASECOLDA - CIUDADES Y RAMOS,RESPONSABILIDAD CIVIL,RESPONSABILIDAD CIVIL,LIABILITY,Mapping inicial Colombia,FASECOLDA - CIUDADES Y RAMOS,RESPONSABILIDAD CIVIL,RESPONSABILIDAD CIVIL
COLOMBIA,FASECOLDA - INDICADORES DE GESTION,Responsabilidad Civil,RESPONSABILIDAD CIVIL,LIABILITY,Mapping inicial Colombia,FASECOLDA - INDICADORES DE GESTION,RESPONSABILIDAD CIVIL,RESPONSABILIDAD CIVIL
COLOMBIA,FASECOLDA - CIUDADES Y RAMOS,TERREMOTO,TERREMOTO,CAT / PROPERTY,Mapping inicial Colombia,FASECOLDA - CIUDADES Y RAMOS,TERREMOTO,TERREMOTO
COLOMBIA,FASECOLDA - INDICADORES DE GESTION,Terremoto,TERREMOTO,CAT / PROPERTY,Mapping inicial Colombia,FASECOLDA - INDICADORES DE GESTION,TERREMOTO,TERREMOTO
COLOMBIA,FASECOLDA - CIUDADES Y RAMOS,VIDA GRUPO,VIDA GRUPO,LIFE,Mapping inicial Colombia,FASECOLDA - CIUDADES Y RAMOS,VIDA GRUPO,VIDA GRUPO
COLOMBIA,FASECOLDA - INDICADORES DE GESTION,Vida grupo,VIDA GRUPO,LIFE,Mapping inicial Colombia,FASECOLDA - INDICADORES DE GESTION,VIDA GRUPO,VIDA GRUPO
COLOMBIA,FASECOLDA - CIUDADES Y RAMOS,VIDA INDIVIDUAL,VIDA INDIVIDUAL,LIFE,Mapping inicial Colombia,FASECOLDA - CIUDADES Y RAMOS,VIDA INDIVIDUAL,VIDA INDIVIDUAL
COLOMBIA,FASECOLDA - INDICADORES DE GESTION,Vida individual,VIDA INDIVIDUAL,LIFE,Mapping inicial Colombia,FASECOLDA - INDICADORES DE GESTION,VIDA INDIVIDUAL,VIDA INDIVIDUAL
COLOMBIA,FASECOLDA - CIUDADES Y RAMOS,SALUD,SALUD,HEALTH,Mapping inicial Colombia,FASECOLDA - CIUDADES Y RAMOS,SALUD,SALUD
COLOMBIA,FASECOLDA - INDICADORES DE GESTION,Salud,SALUD,HEALTH,Mapping inicial Colombia,FASECOLDA - INDICADORES DE GESTION,SALUD,SALUD
COLOMBIA,FASECOLDA - CIUDADES Y RAMOS,RIESGOS LABORALES,RIESGOS LABORALES,WORKERS COMP / LABOR RISKS,Mapping inicial Colombia,FASECOLDA - CIUDADES Y RAMOS,RIESGOS LABORALES,RIESGOS LABORALES
COLOMBIA,FASECOLDA - INDICADORES DE GESTION,Riesgos Laborales,RIESGOS LABORALES,WORKERS COMP / LABOR RISKS,Mapping inicial Colombia,FASECOLDA - INDICADORES DE GESTION,RIESGOS LABORALES,RIESGOS LABORALES
COLOMBIA,FASECOLDA - CIUDADES Y RAMOS,SOAT,SOAT,MOTOR / COMPULSORY,Mapping inicial Colombia,FASECOLDA - CIUDADES Y RAMOS,SOAT,SOAT
COLOMBIA,FASECOLDA - INDICADORES DE GESTION,Soat,SOAT,MOTOR / COMPULSORY,Mapping inicial Colombia,FASECOLDA - INDICADORES DE GESTION,SOAT,SOAT
COLOMBIA,FASECOLDA - CIUDADES Y RAMOS,HOGAR,HOGAR,PROPERTY,Mapping inicial Colombia,FASECOLDA - CIUDADES Y RAMOS,HOGAR,HOGAR
COLOMBIA,FASECOLDA - INDICADORES DE GESTION,Hogar,HOGAR,PROPERTY,Mapping inicial Colombia,FASECOLDA - INDICADORES DE GESTION,HOGAR,HOGAR
COLOMBIA,FASECOLDA - CIUDADES Y RAMOS,AVIACION,AVIACION,SPECIALTY,Mapping inicial Colombia,FASECOLDA - CIUDADES Y RAMOS,AVIACION,AVIACION
COLOMBIA,FASECOLDA - INDICADORES DE GESTION,Aviación,AVIACION,SPECIALTY,Mapping inicial Colombia,FASECOLDA - INDICADORES DE GESTION,AVIACIÓN,AVIACION
COLOMBIA,FASECOLDA - CIUDADES Y RAMOS,AGROPECUARIO,AGROPECUARIO,AGRICULTURE,Mapping inicial Colombia,FASECOLDA - CIUDADES Y RAMOS,AGROPECUARIO,AGROPECUARIO
COLOMBIA,FASECOLDA - INDICADORES DE GESTION,Agropecuario,AGROPECUARIO,AGRICULTURE,Mapping inicial Colombia,FASECOLDA - INDICADORES DE GESTION,AGROPECUARIO,AGROPECUARIO
COLOMBIA,FASECOLDA - CIUDADES Y RAMOS,SUSTRACCION,SUSTRACCION,PROPERTY / THEFT,Mapping inicial Colombia,FASECOLDA - CIUDADES Y RAMOS,SUSTRACCION,SUSTRACCION
COLOMBIA,FASECOLDA - INDICADORES DE GESTION,Sustracción,SUSTRACCION,PROPERTY / THEFT,Mapping inicial Colombia,FASECOLDA - INDICADORES DE GESTION,SUSTRACCIÓN,SUSTRACCION
COLOMBIA,FASECOLDA - CIUDADES Y RAMOS,DESEMPLEO,DESEMPLEO,PERSONAL LINES,Mapping inicial Colombia,FASECOLDA - CIUDADES Y RAMOS,DESEMPLEO,DESEMPLEO
COLOMBIA,FASECOLDA - INDICADORES DE GESTION,Desempleo,DESEMPLEO,PERSONAL LINES,Mapping inicial Colombia,FASECOLDA - INDICADORES DE GESTION,DESEMPLEO,DESEMPLEO
COLOMBIA,FASECOLDA - CIUDADES Y RAMOS,EXEQUIAS,EXEQUIAS,PERSONAL LINES,Mapping inicial Colombia,FASECOLDA - CIUDADES Y RAMOS,EXEQUIAS,EXEQUIAS
COLOMBIA,FASECOLDA - INDICADORES DE GESTION,Exequias,EXEQUIAS,PERSONAL LINES,Mapping inicial Colombia,FASECOLDA - INDICADORES DE GESTION,EXEQUIAS,EXEQUIAS
COLOMBIA,FASECOLDA - CIUDADES Y RAMOS,MANEJO,MANEJO,SURETY / FIDELITY,Mapping inicial Colombia,FASECOLDA - CIUDADES Y RAMOS,MANEJO,MANEJO
COLOMBIA,FASECOLDA - INDICADORES DE GESTION,Manejo,MANEJO,SURETY / FIDELITY,Mapping inicial Colombia,FASECOLDA - INDICADORES DE GESTION,MANEJO,MANEJO
COLOMBIA,FASECOLDA - CIUDADES Y RAMOS,CORRIENTE DEBIL,CORRIENTE DEBIL,ENGINEERING,Mapping inicial Colombia,FASECOLDA - CIUDADES Y RAMOS,CORRIENTE DEBIL,CORRIENTE DEBIL
COLOMBIA,FASECOLDA - INDICADORES DE GESTION,Corriente Débil,CORRIENTE DEBIL,ENGINEERING,Mapping inicial Colombia,FASECOLDA - INDICADORES DE GESTION,CORRIENTE DÉBIL,CORRIENTE DEBIL
COLOMBIA,FASECOLDA - CIUDADES Y RAMOS,SEGUROS DE CREDITO,SEGUROS DE CREDITO,CREDIT,Mapping inicial Colombia,FASECOLDA - CIUDADES Y RAMOS,SEGUROS DE CREDITO,SEGUROS DE CREDITO
COLOMBIA,FASECOLDA - INDICADORES DE GESTION,Seguros de Credito,SEGUROS DE CREDITO,CREDIT,Mapping inicial Colombia,FASECOLDA - INDICADORES DE GESTION,SEGUROS DE CREDITO,SEGUROS DE CREDITO
COLOMBIA,FASECOLDA - CIUDADES Y RAMOS,MINAS Y PETROLEOS,MINAS Y PETROLEOS,ENERGY,Mapping inicial Colombia,FASECOLDA - CIUDADES Y RAMOS,MINAS Y PETROLEOS,MINAS Y PETROLEOS
COLOMBIA,FASECOLDA - INDICADORES DE GESTION,Minas y Petróleos,MINAS Y PETROLEOS,ENERGY,Mapping inicial Colombia,FASECOLDA - INDICADORES DE GESTION,MINAS Y PETRÓLEOS,MINAS Y PETROLEOS
COLOMBIA,FASECOLDA - CIUDADES Y RAMOS,MONTAJE Y ROTURA,MONTAJE Y ROTURA,ENGINEERING,Mapping inicial Colombia,FASECOLDA - CIUDADES Y RAMOS,MONTAJE Y ROTURA,MONTAJE Y ROTURA
COLOMBIA,FASECOLDA - INDICADORES DE GESTION,Montaje y Rotura,MONTAJE Y ROTURA,ENGINEERING,Mapping inicial Colombia,FASECOLDA - INDICADORES DE GESTION,MONTAJE Y ROTURA,MONTAJE Y ROTURA
COLOMBIA,FASECOLDA - CIUDADES Y RAMOS,INGENIERIA,INGENIERIA,ENGINEERING,Mapping inicial Colombia,FASECOLDA - CIUDADES Y RAMOS,INGENIERIA,INGENIERIA
COLOMBIA,FASECOLDA - INDICADORES DE GESTION,Ingenieria,INGENIERIA,ENGINEERING,Mapping inicial Colombia,FASECOLDA - INDICADORES DE GESTION,INGENIERIA,INGENIERIA
COLOMBIA,FASECOLDA - CIUDADES Y RAMOS,TODO RIESGO CONTRATISTA,TODO RIESGO CONTRATISTA,ENGINEERING,Mapping inicial Colombia,FASECOLDA - CIUDADES Y RAMOS,TODO RIESGO CONTRATISTA,TODO RIESGO CONTRATISTA
COLOMBIA,FASECOLDA - INDICADORES DE GESTION,Todo Riesgo Cont.,TODO RIESGO CONTRATISTA,ENGINEERING,Mapping inicial Colombia,FASECOLDA - INDICADORES DE GESTION,TODO RIESGO CONT.,TODO RIESGO CONTRATISTA
COLOMBIA,FASECOLDA - CIUDADES Y RAMOS,NAVEGACION Y CASCO,NAVEGACION Y CASCO,MARINE,Mapping inicial Colombia,FASECOLDA - CIUDADES Y RAMOS,NAVEGACION Y CASCO,NAVEGACION Y CASCO
COLOMBIA,FASECOLDA - INDICADORES DE GESTION,Nav.yCasco,NAVEGACION Y CASCO,MARINE,Mapping inicial Colombia,FASECOLDA - INDICADORES DE GESTION,NAV.YCASCO,NAVEGACION Y CASCO
COLOMBIA,FASECOLDA - CIUDADES Y RAMOS,VIDRIOS,VIDRIOS,PROPERTY,Mapping inicial Colombia,FASECOLDA - CIUDADES Y RAMOS,VIDRIOS,VIDRIOS
COLOMBIA,FASECOLDA - INDICADORES DE GESTION,Vidrios,VIDRIOS,PROPERTY,Mapping inicial Colombia,FASECOLDA - INDICADORES DE GESTION,VIDRIOS,VIDRIOS
COLOMBIA,FASECOLDA - CIUDADES Y RAMOS,DECENAL,DECENAL,ENGINEERING / CONSTRUCTION,Mapping inicial Colombia,FASECOLDA - CIUDADES Y RAMOS,DECENAL,DECENAL
COLOMBIA,FASECOLDA - INDICADORES DE GESTION,Decenal,DECENAL,ENGINEERING / CONSTRUCTION,Mapping inicial Colombia,FASECOLDA - INDICADORES DE GESTION,DECENAL,DECENAL
COLOMBIA,FASECOLDA - CIUDADES Y RAMOS,BEPS,BEPS,LIFE / SOCIAL SECURITY,Mapping inicial Colombia,FASECOLDA - CIUDADES Y RAMOS,BEPS,BEPS
COLOMBIA,FASECOLDA - INDICADORES DE GESTION,BEPS,BEPS,LIFE / SOCIAL SECURITY,Mapping inicial Colombia,FASECOLDA - INDICADORES DE GESTION,BEPS,BEPS
COLOMBIA,FASECOLDA - INDICADORES DE GESTION,Accidentes P,ACCIDENTES PERSONALES,PERSONAL ACCIDENT,Fuente disponible en Indicadores de Gestión,FASECOLDA - INDICADORES DE GESTION,ACCIDENTES P,ACCIDENTES PERSONALES
COLOMBIA,FASECOLDA - INDICADORES DE GESTION,Otros Daños,OTROS DAÑOS,OTHER P&C,Ramo agregado / revisar duplicidad,FASECOLDA - INDICADORES DE GESTION,OTROS DAÑOS,OTROS DAÑOS
COLOMBIA,FASECOLDA - INDICADORES DE GESTION,Otros Personas,OTROS PERSONAS,OTHER LIFE / HEALTH,Ramo agregado / revisar duplicidad,FASECOLDA - INDICADORES DE GESTION,OTROS PERSONAS,OTROS PERSONAS
COLOMBIA,FASECOLDA - INDICADORES DE GESTION,Total daños,TOTAL DAÑOS,AGGREGATE,No usar en rankings junto con ramos individuales,FASECOLDA - INDICADORES DE GESTION,TOTAL DAÑOS,TOTAL DAÑOS
COLOMBIA,FASECOLDA - INDICADORES DE GESTION,Total personas,TOTAL PERSONAS,AGGREGATE,No usar en rankings junto con ramos individuales,FASECOLDA - INDICADORES DE GESTION,TOTAL PERSONAS,TOTAL PERSONAS
COLOMBIA,FASECOLDA - INDICADORES DE GESTION,Total Seguridad Social,TOTAL SEGURIDAD SOCIAL,AGGREGATE,No usar en rankings junto con ramos individuales,FASECOLDA - INDICADORES DE GESTION,TOTAL SEGURIDAD SOCIAL,TOTAL SEGURIDAD SOCIAL
